topology,n,mean_dc,MAE
pcu,9602,25.236136321609454,0.85032100740921
unknown,2341,22.09645357464673,0.7986884032575151
ERROR,646,12.848941416764704,1.050635122509622
rna,554,14.730354846135379,0.9910546750286824
UNKNOWN,159,4.686534116119496,0.8731627177254938
dia,156,39.59676352564103,0.7129128537926304
hex,86,11.751041860465117,0.7091194593030351
tbo,82,38.797376829268295,0.8798514304668149
sql,66,21.38876424242424,0.9940754004507356
fcu,45,8.09700288888889,0.6205001229180226
bct,10,11.46019,0.6434290325927726
nbo,8,12.7622875,0.6105175464630128
cpf,4,2.1075999999999993,1.03103082862854
fse,4,1.9113499999999997,0.5221765159606937
bcu,4,22.349225,0.5963747585296639
hcb,4,37.7904425,0.4594894213867162
hxl,3,6.191733333333334,0.8649699859619133
fsc,2,7.88015,1.831110318756103
hms,1,14.124400000000001,2.5340031188964858
