epoch,train,val
1,0.38637986931287915,0.3147365556329261
2,0.289243892790176,0.2641562430062704
3,0.24416191217321118,0.24006002807600382
4,0.20913148505850132,0.19957047772197897
5,0.1927329907890727,0.1875242101195933
6,0.18116679262772498,0.17208158831117132
7,0.1731246354472162,0.17123915142318683
8,0.1657073124896745,0.16684134283405105
9,0.15933391303467118,0.15821434695591796
10,0.1533564118359768,0.16085996527445637
11,0.14908393838977177,0.1682308807398566
12,0.1438552865349083,0.14458342599465868
13,0.14250002193643996,0.13736235506546782
14,0.13920836330948255,0.14258582633738615
15,0.13803603415066218,0.14216972477145318
16,0.13319249034295796,0.13514979156529575
17,0.1340107420391536,0.13469145187016648
18,0.13015159899097037,0.1257943787897492
19,0.12829773512846235,0.13164342983914756
20,0.12681624072129902,0.12333898913562232
21,0.12514989231834778,0.13322035853590058
22,0.12387748612271168,0.12101329362698918
23,0.12165541831697686,0.1348399816074985
24,0.12073838416246854,0.1286387468807119
25,0.1187030569435997,0.12526557022683424
26,0.11696310948288863,0.12019119417041799
27,0.1158561015303071,0.11592240273176302
28,0.11550444321273579,0.11849427251234389
29,0.11357823420149847,0.1137056385028112
30,0.113171555319971,0.12034175521205209
31,0.11223842373678007,0.11513453192548387
32,0.11216099566428964,0.1192683536633147
33,0.11086050791920816,0.11509689048552908
34,0.09808359383496726,0.10514220329638828
35,0.09736651395060268,0.1028790881055248
36,0.09605942659760812,0.10373223129428528
37,0.09597692097577369,0.10311585077138986
38,0.09549095308212532,0.10126527917579037
39,0.09400644026680431,0.10250949932621231
40,0.09428985001497453,0.10566558607833149
