,,R2,R2,R2,MAE,MAE,MAE,top5_recall,top5_recall,top5_recall
,,y2,y100,dc,y2,y100,dc,y2,y100,dc
split,model,,,,,,,,,
building_block,GNN graph+globals,0.9773,0.9894,0.9937,0.8565,0.9886,0.8634,0.7852,0.7794,0.8708
building_block,XGB geometry,0.9023,0.9815,0.9725,2.0034,1.3223,1.858,0.6517,0.6633,0.6821
building_block,XGB geometry+composition,0.9798,0.9909,0.9944,0.8119,0.8747,0.7932,0.7983,0.8316,0.8911
random,GNN graph only,0.8432,0.9526,0.9349,2.321,2.0665,2.4755,0.6473,0.537,0.4296
random,GNN graph+globals,0.9758,0.9893,0.9937,0.8805,0.9777,0.8543,0.7721,0.8099,0.8708
random,XGB geometry,0.8997,0.9813,0.9721,1.9982,1.3163,1.8425,0.6618,0.6546,0.6676
random,XGB geometry+composition,0.9781,0.9907,0.9944,0.8203,0.8618,0.7893,0.791,0.8374,0.8999
topology,GNN graph+globals,0.9628,0.984,0.987,1.3144,1.4306,1.1178,0.6499,0.7073,0.881
topology,XGB geometry,0.8989,0.9717,0.9551,2.3231,1.8994,2.1029,0.5672,0.3964,0.7171
topology,XGB geometry+composition,0.9662,0.9843,0.984,1.231,1.3741,1.2413,0.6807,0.6989,0.881
