name,void_fraction,pld,lcd,y2,y100,dc_raw,flag_floor,flag_dc
hMOF-1000786,0.093891,2.25,3.25,7.40784,6.22012,-1.1877200000000006,False,True
hMOF-1001766,0.318338,3.75,4.75,0.138951,2.02395,1.884999,True,False
hMOF-1001769,0.283329,3.25,4.25,0.424262,1.5288,1.104538,True,False
hMOF-1002133,0.327444,3.75,4.25,0.399988,2.20033,1.800342,True,False
hMOF-1002159,0.350109,3.25,4.75,0.234342,2.31361,2.0792680000000003,True,False
hMOF-1002183,0.332635,4.25,4.75,1.16393,3.26419,2.1002600000000005,True,False
hMOF-1002216,0.350599,3.75,5.25,3.66551,5.19615,1.5306400000000004,True,False
hMOF-1002217,0.353669,3.75,4.75,2.31743,2.93557,0.6181399999999999,True,False
hMOF-1002250,0.424746,3.25,4.75,5.88275,6.63427,0.7515200000000002,True,False
hMOF-1003323,0.140006,3.25,3.75,0.930427,0.985846,0.055418999999999996,True,False
hMOF-16822,0.0909907,2.25,3.25,9.55108,7.82914,-1.721940000000001,False,True
hMOF-17643,0.0744108,1.75,3.25,5.13911,3.87822,-1.2608899999999998,False,True
hMOF-19989,0.33458,3.75,4.75,2.91134,3.46769,0.5563500000000001,True,False
hMOF-21275,0.084763,1.75,3.25,9.25491,8.10762,-1.14729,False,True
hMOF-21282,0.0871949,1.75,3.75,10.6959,9.44059,-1.2553099999999997,False,True
hMOF-21298,0.0714617,2.25,3.75,10.1865,8.5324,-1.6540999999999997,False,True
hMOF-21324,0.0616904,1.75,3.25,7.77018,6.60956,-1.1606199999999998,False,True
hMOF-21329,0.0597871,2.25,3.25,7.60654,6.1716,-1.43494,False,True
hMOF-21508,0.302462,4.25,5.75,0.0440498,0.514851,0.4708011999999999,True,False
hMOF-21569,0.0817551,1.75,3.25,8.11,5.31282,-2.797179999999999,False,True
hMOF-21581,0.159481,2.75,3.25,3.966,2.77445,-1.1915500000000003,False,True
hMOF-21600,0.119169,2.25,3.25,9.88636,8.20274,-1.6836199999999995,False,True
hMOF-21795,0.274049,3.25,4.75,0.000986588,0.0628676,0.061881012,True,False
hMOF-22235,0.214568,3.75,4.75,0.0,0.0,0.0,True,False
hMOF-22698,0.132818,2.25,3.25,11.1368,8.67525,-2.461549999999999,False,True
hMOF-22709,0.0556934,1.75,3.25,6.57647,5.5059,-1.07057,False,True
hMOF-22814,0.0908565,2.25,3.25,8.05201,6.80091,-1.2510999999999992,False,True
hMOF-24216,0.100544,2.25,3.75,10.9935,9.94527,-1.0482299999999984,False,True
hMOF-24225,0.112263,2.25,3.25,10.8634,9.62404,-1.2393599999999996,False,True
hMOF-25881,0.051591,1.75,2.75,4.4023,3.3334,-1.0689000000000002,False,True
hMOF-27735,0.159374,2.75,3.75,11.7195,10.5064,-1.2131000000000007,False,True
hMOF-28053,0.131464,3.25,4.25,0.674904,1.50846,0.833556,True,False
hMOF-28552,0.119438,2.75,3.75,8.5254,7.23621,-1.2891899999999996,False,True
hMOF-28647,0.140331,2.25,3.75,9.31247,8.10682,-1.2056499999999986,False,True
hMOF-29172,0.0410301,2.25,2.75,3.25067,1.91477,-1.3358999999999999,False,True
hMOF-3001602,0.88423,20.25,22.25,3.3225,7.18742,3.8649200000000006,True,False
hMOF-3001603,0.771027,7.25,9.75,6.93639,4.14338,-2.7930100000000007,True,True
hMOF-3001604,0.904471,19.25,22.25,3.39807,8.1132,4.71513,True,False
hMOF-3001617,0.758094,6.25,10.25,8.36752,4.2709,-4.096620000000001,True,True
hMOF-3001618,0.821377,17.25,19.75,6.13562,5.89587,-0.2397499999999999,True,False
hMOF-3001619,0.63058,5.75,8.25,16.1552,2.97353,-13.18167,True,True
hMOF-3001620,0.861445,17.75,20.75,4.75379,7.28729,2.533499999999999,True,False
hMOF-3001622,0.834242,17.75,19.75,5.21698,6.45571,1.2387299999999994,True,False
hMOF-3001623,0.659144,5.75,8.75,13.2322,3.37063,-9.86157,True,True
hMOF-3001624,0.86211,20.75,22.75,4.02804,7.32399,3.2959500000000004,True,False
hMOF-3001625,0.731036,7.75,9.75,9.39553,4.05217,-5.3433600000000006,True,True
hMOF-3001626,0.845305,17.75,19.75,5.3596,6.58518,1.22558,True,False
hMOF-3001627,0.690497,5.75,9.25,13.6768,3.53223,-10.14457,True,True
hMOF-3001630,0.859368,18.25,19.75,6.5293,6.61211,0.08281000000000027,True,False
hMOF-3001631,0.710507,6.75,9.25,17.6615,3.51001,-14.15149,True,True
hMOF-3001632,0.82861,16.75,18.75,7.8692,6.05381,-1.8153899999999998,True,True
hMOF-3001635,0.771322,5.75,9.25,10.587,3.80035,-6.78665,True,True
hMOF-3001636,0.866901,17.25,18.75,3.97457,5.32734,1.3527700000000005,True,False
hMOF-3001637,0.714311,6.25,8.75,9.97234,2.90978,-7.062560000000001,True,True
hMOF-3001642,0.868373,16.75,18.75,3.93607,5.4019,1.4658300000000004,True,False
hMOF-3001647,0.706983,5.25,7.75,15.1133,2.64141,-12.47189,True,True
hMOF-3001652,0.854538,17.25,18.75,5.50981,5.12481,-0.3849999999999998,True,False
hMOF-3001694,0.821007,15.25,17.25,5.94683,5.18221,-0.7646199999999999,True,False
hMOF-3001698,0.794531,15.25,16.75,6.26149,4.75977,-1.5017200000000006,True,True
hMOF-3001699,0.5717,4.25,7.25,20.8156,2.16632,-18.64928,True,True
hMOF-3001703,0.613808,3.75,7.25,20.7261,2.35637,-18.369729999999997,True,True
hMOF-3001704,0.766685,14.25,15.75,7.15565,4.46128,-2.6943699999999993,True,True
hMOF-3001736,0.874133,17.25,20.75,3.63759,4.80728,1.1696900000000006,True,False
hMOF-3001737,0.740988,6.25,8.75,8.21504,2.68869,-5.526350000000001,True,True
hMOF-3001741,0.760503,6.25,8.75,7.55875,2.92445,-4.6343,True,True
hMOF-3001742,0.873042,18.25,20.75,3.53217,4.9509,1.41873,True,False
hMOF-3001745,0.777408,6.75,9.25,6.89566,3.29671,-3.5989500000000003,True,True
hMOF-3001746,0.895646,19.25,21.25,3.6466,8.15538,4.50878,True,False
hMOF-3001747,0.781199,7.25,9.25,8.31869,4.74798,-3.57071,True,True
hMOF-3001754,0.895415,19.25,21.75,3.90536,8.14988,4.24452,True,False
hMOF-3001755,0.79111,6.25,9.25,8.88806,4.70628,-4.18178,True,True
hMOF-3001756,0.873143,17.25,19.75,5.80221,7.48463,1.6824200000000005,True,False
hMOF-3001759,0.756449,5.75,7.75,16.2993,4.11449,-12.184809999999999,True,True
hMOF-3001760,0.86981,17.75,19.75,5.4039,7.49699,2.09309,True,False
hMOF-3001761,0.735181,5.25,7.75,14.3955,4.12709,-10.26841,True,True
hMOF-3001764,0.86719,16.25,19.25,6.14874,7.35565,1.2069099999999997,True,False
hMOF-3001783,0.774952,7.25,9.25,6.59601,4.56997,-2.02604,True,True
hMOF-3001784,0.895227,19.75,21.75,3.12014,7.83334,4.7132,True,False
hMOF-3001787,0.837353,15.25,16.75,5.62867,6.17113,0.5424600000000002,True,False
hMOF-3001792,0.784145,12.25,15.25,8.59754,5.42548,-3.17206,True,True
hMOF-3001793,0.886611,18.75,21.25,2.83442,7.36758,4.5331600000000005,True,False
hMOF-3001796,0.76068,6.25,9.75,6.16893,4.1652,-2.00373,True,True
hMOF-3001797,0.882916,18.75,21.25,2.88865,7.41219,4.52354,True,False
hMOF-3001798,0.770631,6.75,8.75,6.13708,4.25613,-1.8809500000000003,True,True
hMOF-3001801,0.875895,18.75,21.25,2.81975,7.06166,4.24191,True,False
hMOF-3001802,0.757076,6.25,8.75,6.13209,4.00458,-2.12751,True,True
hMOF-3001803,0.867327,17.25,20.25,3.57865,6.69582,3.11717,True,False
hMOF-3001806,0.752565,7.25,9.25,7.72166,4.01931,-3.70235,True,True
hMOF-3001807,0.869693,17.25,19.75,3.5945,6.76394,3.16944,True,False
hMOF-3001808,0.728256,5.25,8.25,8.51862,3.74409,-4.77453,True,True
hMOF-3001811,0.884776,17.75,20.25,3.15783,7.43978,4.28195,True,False
hMOF-3001812,0.771446,6.75,8.75,7.04753,4.20291,-2.84462,True,True
hMOF-3001813,0.868907,19.25,21.25,3.99178,7.14593,3.15415,True,False
hMOF-3001839,0.592977,4.75,6.75,25.7479,2.47406,-23.27384,True,True
hMOF-3001840,0.905058,19.75,22.75,2.46365,8.64831,6.184660000000001,True,False
hMOF-3001841,0.809984,7.75,10.25,4.85639,5.05001,0.19362000000000013,True,False
hMOF-3001845,0.787344,6.75,10.25,4.93054,4.24105,-0.6894899999999993,True,False
hMOF-3001846,0.889972,19.75,22.25,2.52724,7.42724,4.9,True,False
hMOF-3001849,0.782003,7.25,9.75,4.86324,4.09052,-0.7727200000000005,True,False
hMOF-3001850,0.896831,19.75,23.25,2.43548,7.50153,5.06605,True,False
hMOF-3001851,0.794046,6.75,9.75,4.81649,4.34745,-0.4690399999999997,True,False
hMOF-3001854,0.884958,18.75,21.75,3.00311,6.93356,3.93045,True,False
hMOF-3001855,0.780521,6.25,9.25,6.62453,3.99034,-2.63419,True,True
hMOF-3001856,0.887811,19.75,21.25,3.41065,6.55081,3.1401600000000003,True,False
hMOF-3001859,0.764209,5.75,8.75,8.02338,3.57434,-4.44904,True,True
hMOF-3001860,0.890112,19.75,21.25,3.03025,6.88825,3.858,True,False
hMOF-3001861,0.782556,6.75,9.25,6.20469,4.01758,-2.1871100000000006,True,True
hMOF-3001865,0.76585,6.25,8.75,7.56892,2.96369,-4.605230000000001,True,True
hMOF-3001866,0.879577,19.25,20.75,3.62076,4.54187,0.9211100000000001,True,False
hMOF-3001891,0.727835,5.75,8.25,17.776,3.99103,-13.78497,True,True
hMOF-3001892,0.854805,14.25,19.25,6.88675,6.89485,0.008099999999999774,True,False
hMOF-3001893,0.681066,4.75,8.25,20.1248,3.5576,-16.5672,True,True
hMOF-3001896,0.800725,14.25,15.75,8.23948,5.40177,-2.8377100000000004,True,True
hMOF-3001897,0.818392,14.25,16.25,6.85601,5.87307,-0.9829400000000001,True,False
hMOF-3001898,0.810214,14.25,15.75,7.29869,5.84146,-1.45723,True,True
hMOF-3001902,0.78375,7.25,9.75,5.42491,4.44454,-0.9803699999999997,True,False
hMOF-3001903,0.88955,19.25,21.25,2.73427,7.67219,4.93792,True,False
hMOF-3001906,0.770916,7.25,9.25,5.48805,4.21766,-1.27039,True,True
hMOF-3001907,0.890964,18.25,21.25,2.75267,7.48713,4.7344599999999994,True,False
hMOF-3001913,0.881142,17.75,20.25,3.39412,7.09302,3.6989,True,False
hMOF-3001916,0.749046,7.25,9.75,7.50436,3.9251,-3.57926,True,True
hMOF-3001917,0.886358,18.25,20.25,3.18274,7.40017,4.21743,True,False
hMOF-3001918,0.773025,6.25,9.25,6.65409,4.22947,-2.42462,True,True
hMOF-3001921,0.874426,17.25,19.25,4.10324,7.12227,3.01903,True,False
hMOF-3001922,0.731583,5.75,9.25,9.78828,3.98448,-5.803800000000001,True,True
hMOF-3001943,0.693738,5.25,7.25,14.1658,2.90067,-11.265130000000001,True,True
hMOF-30557,0.32262,3.25,4.25,3.2915,4.41957,1.1280700000000001,True,False
hMOF-30660,0.165125,2.75,3.75,11.6238,9.51515,-2.108649999999999,False,True
hMOF-31140,0.0719236,1.75,3.25,9.02312,7.44879,-1.5743300000000007,False,True
hMOF-31819,0.0590788,1.25,3.75,8.24979,6.02052,-2.2292700000000005,False,True
hMOF-31918,0.131326,2.25,3.75,4.70422,3.18897,-1.5152500000000004,False,True
hMOF-31942,0.220059,4.25,4.75,0.375862,1.40671,1.030848,True,False
hMOF-32348,0.288724,3.25,5.25,0.0474698,0.690456,0.6429862,True,False
hMOF-33189,0.150585,2.25,3.75,16.2881,15.1719,-1.1161999999999992,False,True
hMOF-34702,0.0633349,1.75,2.75,11.7761,8.64967,-3.126429999999999,False,True
hMOF-4948,0.0632257,1.75,3.25,13.9065,10.8797,-3.0267999999999997,False,True
hMOF-4995,0.0754948,2.25,3.25,11.8971,10.5895,-1.3076000000000008,False,True
hMOF-5001450,0.105907,2.25,3.25,12.4216,11.0922,-1.3293999999999997,False,True
hMOF-5010412,0.0928281,2.75,3.75,6.29022,5.26693,-1.0232899999999994,False,True
hMOF-5012250,0.0778003,3.25,3.75,0.0,0.000137242,0.000137242,True,False
hMOF-5013986,0.119808,1.75,3.25,11.1832,9.75256,-1.4306399999999986,False,True
hMOF-5014752,0.129921,2.25,3.25,6.1787,4.29907,-1.8796299999999997,False,True
hMOF-5034885,0.129851,3.25,4.75,0.0,0.0,0.0,True,False
hMOF-5035523,0.11137,1.75,3.75,6.21661,5.08539,-1.13122,False,True
hMOF-5037161,0.0415347,3.25,3.75,0.0,0.0,0.0,True,False
hMOF-5048062,0.112241,3.25,4.25,0.0,0.0,0.0,True,False
hMOF-5050584,0.214674,3.75,4.25,1.94524,2.35331,0.40806999999999993,True,False
hMOF-5053292,0.102132,3.25,4.25,0.0215158,1.17474,1.1532242,True,False
hMOF-5054176,0.506545,5.25,6.25,1.6264,5.72604,4.09964,True,False
hMOF-5062086,0.146424,3.25,4.25,0.000389373,0.0155749,0.015185526999999999,True,False
hMOF-5062259,0.0399771,3.25,3.75,0.0,0.0,0.0,True,False
hMOF-5064808,0.105461,3.25,3.75,0.0,0.0,0.0,True,False
hMOF-5065364,0.169322,3.25,4.75,0.0,0.0,0.0,True,False
hMOF-5067233,0.14326,3.25,4.25,0.221423,1.74306,1.5216370000000001,True,False
hMOF-6498,0.107185,2.25,3.75,9.38164,7.87862,-1.5030200000000011,False,True
hMOF-6547,0.206054,2.75,3.75,18.0873,17.0516,-1.0356999999999985,False,True
hMOF-7001666,0.626657,7.25,9.25,7.64004,9.46953,1.8294900000000007,True,False
hMOF-7148,0.231938,4.75,5.25,0.327026,3.24899,2.921964,True,False
hMOF-8512,0.197444,2.75,4.25,10.2572,8.98187,-1.2753299999999985,False,True
