model,split,training,target,eval,R2,MAE,RMSE,top5_recall,top5_EF,top1_recall
XGB geometry,random,cleaned,y2,end_to_end,0.899740306353519,1.9982028646506762,2.6965938737227826,0.6618287373004355,13.236574746008708,0.47101449275362317
XGB geometry,random,cleaned,y2,porous_only,0.8894873858652091,2.042866510065675,2.7264669039529195,0.662704309063893,13.25408618127786,0.4740740740740741
XGB geometry,random,cleaned,y100,end_to_end,0.9812970179867085,1.3163334774276956,1.9073412776652874,0.6545718432510885,13.09143686502177,0.6666666666666666
XGB geometry,random,cleaned,y100,porous_only,0.9767714838933769,1.34467373344528,1.9271901249070493,0.6552748885586924,13.105497771173848,0.6592592592592592
XGB geometry,random,cleaned,dc,end_to_end,0.9720592854122063,1.8424948052411374,2.4890486725855,0.6676342525399129,13.352685050798257,0.5144927536231884
XGB geometry,random,cleaned,dc,porous_only,0.9703489907725501,1.8843799095189655,2.517605385965881,0.6701337295690936,13.40267459138187,0.5037037037037037
XGB geometry+composition,random,cleaned,y2,end_to_end,0.9781333416754511,0.8203219681958325,1.2593416483898279,0.7910014513788098,15.820029027576195,0.6956521739130435
XGB geometry+composition,random,cleaned,y2,porous_only,0.975923928623799,0.8378788815082515,1.272585924146619,0.7919762258543833,15.839524517087666,0.6888888888888889
XGB geometry+composition,random,cleaned,y100,end_to_end,0.9906913897954263,0.8618125547527425,1.345598213667665,0.8374455732946299,16.748911465892597,0.8043478260869565
XGB geometry+composition,random,cleaned,y100,porous_only,0.9884425161089786,0.8796196785907197,1.3593944001474414,0.8335809806835067,16.671619613670135,0.8074074074074075
XGB geometry+composition,random,cleaned,dc,end_to_end,0.9944375382974767,0.7893040512896699,1.1105756615344327,0.8998548621190131,17.99709724238026,0.7391304347826086
XGB geometry+composition,random,cleaned,dc,porous_only,0.99410422675096,0.8061991432622161,1.1226342948024628,0.8915304606240714,17.830609212481427,0.7481481481481481
XGB geometry,building_block,cleaned,y2,end_to_end,0.9023181541480079,2.003382465337784,2.6748925331488467,0.6516690856313497,13.033381712626994,0.5434782608695652
XGB geometry,building_block,cleaned,y2,porous_only,0.8924874364739448,2.048814740437354,2.7051223195143455,0.6478454680534919,12.956909361069837,0.5407407407407407
XGB geometry,building_block,cleaned,y100,end_to_end,0.9814861420142172,1.3222941404307254,1.915724488857937,0.6632801161103048,13.265602322206096,0.6231884057971014
XGB geometry,building_block,cleaned,y100,porous_only,0.977023778986668,1.3507592738092304,1.9353983299290898,0.662704309063893,13.25408618127786,0.6148148148148148
XGB geometry,building_block,cleaned,dc,end_to_end,0.9725007414901629,1.8580245574886645,2.493487692081539,0.6821480406386067,13.642960812772133,0.41304347826086957
XGB geometry,building_block,cleaned,dc,porous_only,0.9707895786678029,1.9008836223226118,2.5225899305170807,0.6760772659732541,13.521545319465082,0.4074074074074074
XGB geometry+composition,building_block,cleaned,y2,end_to_end,0.9798104834135802,0.8119380477793111,1.21608062664263,0.7982583454281568,15.965166908563134,0.717391304347826
XGB geometry+composition,building_block,cleaned,y2,porous_only,0.9777942057342363,0.82963763194606,1.229392204506281,0.7979197622585439,15.958395245170877,0.725925925925926
XGB geometry+composition,building_block,cleaned,y100,end_to_end,0.9908803181323048,0.8747303516993317,1.3445421800598945,0.8316400580551524,16.632801161103046,0.7681159420289855
XGB geometry+composition,building_block,cleaned,y100,porous_only,0.9886774387923294,0.8933746186327692,1.3586368835759142,0.8246656760772659,16.493313521545318,0.7555555555555555
XGB geometry+composition,building_block,cleaned,dc,end_to_end,0.9943948479575176,0.7932042003285921,1.1257460604064622,0.8911465892597968,17.822931785195937,0.7536231884057971
XGB geometry+composition,building_block,cleaned,dc,porous_only,0.9940501508481976,0.8107845455116626,1.138493943721914,0.8870728083209509,17.741456166419017,0.7555555555555555
XGB geometry,topology,cleaned,y2,end_to_end,0.8989086619128053,2.3230663741934117,3.1845141068044236,0.5672268907563025,11.34453781512605,0.48951048951048953
XGB geometry,topology,cleaned,y2,porous_only,0.8653513831665054,2.498188302069738,3.304375436590121,0.5664652567975831,11.32930513595166,0.5
XGB geometry,topology,cleaned,y100,end_to_end,0.9717241924021501,1.8994467358998022,2.7263975384684085,0.3963585434173669,7.927170868347338,0.16083916083916083
XGB geometry,topology,cleaned,y100,porous_only,0.9566879393120438,2.0354758200506855,2.824294258042457,0.3851963746223565,7.7039274924471295,0.1590909090909091
XGB geometry,topology,cleaned,dc,end_to_end,0.9550894514360992,2.1029309059904056,2.836045745974519,0.7170868347338936,14.34173669467787,0.4125874125874126
XGB geometry,topology,cleaned,dc,porous_only,0.9491385539209162,2.2641155436210285,2.945743185218646,0.6963746223564955,13.927492447129909,0.3939393939393939
XGB geometry+composition,topology,cleaned,y2,end_to_end,0.9661522528458044,1.2309990199615735,1.8426849491366484,0.680672268907563,13.61344537815126,0.4755244755244755
XGB geometry+composition,topology,cleaned,y2,porous_only,0.955281775980013,1.3152831543428363,1.904279580429199,0.675226586102719,13.504531722054379,0.48484848484848486
XGB geometry+composition,topology,cleaned,y100,end_to_end,0.9843269580298836,1.3741441916999764,2.0298237063915416,0.6988795518207283,13.977591036414564,0.6433566433566433
XGB geometry+composition,topology,cleaned,y100,porous_only,0.976127750514854,1.4667581344563805,2.096776747943944,0.7009063444108762,14.018126888217523,0.6363636363636364
XGB geometry+composition,topology,cleaned,dc,end_to_end,0.9839848983312265,1.2413148358517785,1.6935729245822233,0.8809523809523809,17.619047619047617,0.48951048951048953
XGB geometry+composition,topology,cleaned,dc,porous_only,0.9819314901497828,1.3288416980048512,1.7557460424723388,0.8806646525679759,17.613293051359516,0.4696969696969697
XGB geometry+composition,random,uncleaned,y2,end_to_end,0.9784324052519967,0.817043665832136,1.2507001853479747,0.7880986937590712,15.761973875181422,0.7101449275362319
XGB geometry+composition,random,uncleaned,y2,porous_only,0.9762678014604795,0.8343015202407147,1.2634652178193169,0.7919762258543833,15.839524517087666,0.6962962962962963
XGB geometry+composition,random,uncleaned,y100,end_to_end,0.9875537385115725,0.8962713566050897,1.555938546493255,0.8316400580551524,16.632801161103046,0.7898550724637681
XGB geometry+composition,random,uncleaned,y100,porous_only,0.9845484149398661,0.9146356331876104,1.571811082906773,0.8291233283803864,16.582466567607728,0.8
XGB geometry+composition,random,uncleaned,dc,end_to_end,0.9923292349904731,0.8143725320517888,1.3041693035227786,0.8940493468795355,17.88098693759071,0.7536231884057971
XGB geometry+composition,random,uncleaned,dc,porous_only,0.991865188672015,0.8319661156808887,1.3186868073992162,0.8900445765230312,17.80089153046062,0.7555555555555555
GNN graph+globals,random,cleaned,y2,end_to_end,0.9758140187401834,0.8804762102860786,1.324445868494811,0.772133526850508,15.442670537010159,0.6231884057971014
GNN graph+globals,random,cleaned,y2,porous_only,0.9733396314062437,0.9001913450179567,1.3391443056180008,0.7711738484398217,15.423476968796434,0.6148148148148148
GNN graph+globals,random,cleaned,y100,end_to_end,0.9893277496423578,0.9777138448190198,1.4407909831736698,0.8098693759071117,16.197387518142232,0.7391304347826086
GNN graph+globals,random,cleaned,y100,porous_only,0.9867390893063902,0.9989521349473646,1.4561311861762987,0.8023774145616642,16.047548291233284,0.7407407407407407
GNN graph+globals,random,cleaned,dc,end_to_end,0.9936741369987867,0.854287809019056,1.1843348958762672,0.8708272859216255,17.41654571843251,0.6884057971014492
GNN graph+globals,random,cleaned,dc,porous_only,0.9932906736149681,0.8731097728234908,1.1975878427919848,0.8707280832095097,17.41456166419019,0.6962962962962963
GNN graph only,random,cleaned,y2,end_to_end,0.8431957950573277,2.3209500820574007,3.372338877736369,0.6473149492017417,12.946298984034833,0.5072463768115942
GNN graph only,random,cleaned,y2,porous_only,0.8272866427206225,2.3708449070158557,3.4084526667429165,0.6448736998514116,12.897473997028232,0.5185185185185185
GNN graph only,random,cleaned,y100,end_to_end,0.9525535012353832,2.066479711185608,3.0379111264366676,0.5370101596516691,10.74020319303338,0.2608695652173913
GNN graph only,random,cleaned,y100,porous_only,0.9411782879782138,2.1084407685494364,3.0667802552047814,0.5334323922734027,10.668647845468053,0.26666666666666666
GNN graph only,random,cleaned,dc,end_to_end,0.9349018150359559,2.475529530113639,3.7992605195070546,0.4296081277213353,8.592162554426706,0.2028985507246377
GNN graph only,random,cleaned,dc,porous_only,0.9309349374104412,2.5306283533522964,3.8423517838475747,0.4264487369985141,8.528974739970282,0.2074074074074074
GNN graph+globals,building_block,cleaned,y2,end_to_end,0.9773308664059528,0.8565351500952378,1.2885962718628718,0.7851959361393324,15.703918722786646,0.6739130434782609
GNN graph+globals,building_block,cleaned,y2,porous_only,0.9750890871684342,0.8754073341131118,1.3021233297089245,0.7860326894502229,15.720653789004457,0.6666666666666666
GNN graph+globals,building_block,cleaned,y100,end_to_end,0.9893898105852159,0.9885851831726387,1.4502609572161873,0.7793904208998549,15.587808417997097,0.717391304347826
GNN graph+globals,building_block,cleaned,y100,porous_only,0.9868450471653685,1.0096349164585219,1.4644539155017433,0.7682020802377415,15.36404160475483,0.7185185185185186
GNN graph+globals,building_block,cleaned,dc,end_to_end,0.9936997035398971,0.8633866132515488,1.1935132090194176,0.8708272859216255,17.41654571843251,0.6884057971014492
GNN graph+globals,building_block,cleaned,dc,porous_only,0.9933162773161792,0.8820864373280598,1.2066656731872345,0.8766716196136701,17.5334323922734,0.674074074074074
GNN graph+globals,topology,cleaned,y2,end_to_end,0.9627507374046519,1.3144393157982306,1.9330587096906273,0.6498599439775911,12.99719887955182,0.4195804195804196
GNN graph+globals,topology,cleaned,y2,porous_only,0.9504253554495459,1.4153487016266642,2.0050178408676063,0.6465256797583081,12.930513595166161,0.4318181818181818
GNN graph+globals,topology,cleaned,y100,end_to_end,0.9839995453930095,1.4305935552766431,2.0509158105817327,0.7072829131652661,14.145658263305322,0.5524475524475524
GNN graph+globals,topology,cleaned,y100,porous_only,0.9754907220992666,1.5376585482834113,2.1245686935744477,0.6993957703927492,13.987915407854985,0.553030303030303
GNN graph+globals,topology,cleaned,dc,end_to_end,0.9870033655113903,1.1177615386935078,1.5256485637287813,0.8809523809523809,17.619047619047617,0.5244755244755245
GNN graph+globals,topology,cleaned,dc,porous_only,0.9853092383571666,1.200697755790355,1.5831522626219023,0.8670694864048338,17.341389728096676,0.5075757575757576
GNN ensemble,random,cleaned,y2,end_to_end,0.9771965497423416,0.8538370258010854,1.2860345555779036,0.7808417997097242,15.616835994194483,0.6811594202898551
GNN ensemble,random,cleaned,y2,porous_only,0.9748711179912526,0.8726468196478984,1.3001123619828685,0.7771173848439822,15.542347696879643,0.6814814814814815
GNN ensemble,random,cleaned,y100,end_to_end,0.9899664007670944,0.9423653613208696,1.3970159181448205,0.8200290275761973,16.400580551523944,0.7608695652173914
GNN ensemble,random,cleaned,y100,porous_only,0.9875412401655763,0.9623334151044142,1.4114036467468936,0.812778603268945,16.2555720653789,0.762962962962963
GNN ensemble,random,cleaned,dc,end_to_end,0.9940348685185714,0.8283796663640386,1.1500709801612141,0.8809869375907112,17.619738751814225,0.6884057971014492
GNN ensemble,random,cleaned,dc,porous_only,0.9936732579263229,0.8466254145613689,1.1629418081798994,0.8811292719167905,17.622585438335808,0.6962962962962963
